[
  {
    "name": "END. (UK)",
    "url": "https://www.endclothing.com",
    "tier": 8,
    "type": "boutique",
    "region": "EU",
    "region_group": "EU",
    "notes": "Premium retailer (UK/EU)",
    "verified": true,
    "resale_market": false,
    "has_raffles": true,
    "raffle_url_pattern": "https://www.endclothing.com/raffles",
    "api_endpoint": "https://api.endclothing.com",
    "contact_email": "customerservice@endclothing.com",
    "phone": "",
    "country_code": "GB",
    "address": "Leeds, UK (HQ)",
    "timezone": "Europe/London",
    "source": "boutique",
    "last_checked": ""
  },
  {
    "name": "Footpatrol",
    "url": "https://www.footpatrol.com",
    "tier": 8,
    "type": "boutique",
    "region": "EU",
    "region_group": "EU",
    "notes": "London boutique",
    "verified": true,
    "resale_market": false,
    "has_raffles": true,
    "raffle_url_pattern": "https://www.footpatrol.com/raffles",
    "api_endpoint": "https://api.footpatrol.com",
    "contact_email": "info@footpatrol.com",
    "phone": "",
    "country_code": "GB",
    "address": "London, UK",
    "timezone": "Europe/London",
    "source": "boutique",
    "last_checked": ""
  },
  {
    "name": "Sneakersnstuff (SNS)",
    "url": "https://www.sneakersnstuff.com",
    "tier": 8,
    "type": "boutique",
    "region": "EU",
    "region_group": "EU",
    "notes": "SNS EU sites (Stockholm/UK/Germany)",
    "verified": true,
    "resale_market": false,
    "has_raffles": true,
    "raffle_url_pattern": "https://www.sneakersnstuff.com/*/raffle",
    "api_endpoint": "https://api.sneakersnstuff.com",
    "contact_email": "info@sneakersnstuff.com",
    "phone": "",
    "country_code": "SE",
    "address": "Stockholm, Sweden",
    "timezone": "Europe/Stockholm",
    "source": "boutique",
    "last_checked": ""
  },
  {
    "name": "Foot Locker EU",
    "url": "https://www.footlocker.eu",
    "tier": 7,
    "type": "chain",
    "region": "EU",
    "region_group": "EU",
    "notes": "Foot Locker EU site",
    "verified": true,
    "resale_market": false,
    "has_raffles": true,
    "raffle_url_pattern": "https://www.footlocker.eu/raffles",
    "api_endpoint": "https://api.footlocker.eu",
    "contact_email": "help@footlocker.eu",
    "phone": "",
    "country_code": "EU",
    "address": "Warsaw, Poland (operations)",
    "timezone": "Europe/Warsaw",
    "source": "chain",
    "last_checked": ""
  },
  {
    "name": "JD Sports (UK)",
    "url": "https://www.jdsports.com",
    "tier": 7,
    "type": "chain",
    "region": "EU",
    "region_group": "EU",
    "notes": "Large retailer in UK/EU",
    "verified": true,
    "resale_market": false,
    "has_raffles": false,
    "raffle_url_pattern": "",
    "api_endpoint": "",
    "contact_email": "customerservice@jdsports.com",
    "phone": "",
    "country_code": "GB",
    "address": "Bury, UK",
    "timezone": "Europe/London",
    "source": "chain",
    "last_checked": ""
  },
  {
    "name": "Klekt",
    "url": "https://www.klekt.com",
    "tier": 6,
    "type": "resale",
    "region": "EU",
    "region_group": "EU",
    "notes": "European resale marketplace",
    "verified": true,
    "resale_market": true,
    "has_raffles": false,
    "raffle_url_pattern": "https://www.klekt.com/raffle",
    "api_endpoint": "https://api.klekt.com",
    "contact_email": "help@klekt.com",
    "phone": "",
    "country_code": "DE",
    "address": "Berlin, Germany",
    "timezone": "Europe/Berlin",
    "source": "resale",
    "last_checked": ""
  },
  {
    "name": "Adidas EU (Confirmed)",
    "url": "https://www.adidas.co.uk/confirmed",
    "tier": 9,
    "type": "brand_official",
    "region": "EU",
    "region_group": "EU",
    "notes": "Adidas Confirmed EU/UK",
    "verified": true,
    "resale_market": false,
    "has_raffles": true,
    "raffle_url_pattern": "https://www.adidas.co.uk/confirmed/*",
    "api_endpoint": "https://api.adidas.com/confirmed",
    "contact_email": "support@adidas.co.uk",
    "phone": "",
    "country_code": "GB",
    "address": "Herzogenaurach, Germany",
    "timezone": "Europe/Berlin",
    "source": "brand_site",
    "last_checked": ""
  },
  {
    "name": "Nike EU",
    "url": "https://www.nike.com/gb",
    "tier": 9,
    "type": "brand_official",
    "region": "EU",
    "region_group": "EU",
    "notes": "Nike EU site & SNKRS region",
    "verified": true,
    "resale_market": false,
    "has_raffles": true,
    "raffle_url_pattern": "https://www.nike.com/gb/launch/*",
    "api_endpoint": "https://api.nike.com/launch",
    "contact_email": "help@nike.com",
    "phone": "",
    "country_code": "GB",
    "address": "Beaverton (global) / EU operations",
    "timezone": "Europe/London",
    "source": "brand_site",
    "last_checked": ""
  },
  {
    "name": "Solebox (DE)",
    "url": "https://www.solebox.com",
    "tier": 7,
    "type": "boutique",
    "region": "EU",
    "region_group": "EU",
    "notes": "German boutique",
    "verified": true,
    "resale_market": false,
    "has_raffles": true,
    "raffle_url_pattern": "https://www.solebox.com/raffles",
    "api_endpoint": "https://api.solebox.com",
    "contact_email": "info@solebox.com",
    "phone": "",
    "country_code": "DE",
    "address": "Berlin, Germany",
    "timezone": "Europe/Berlin",
    "source": "boutique",
    "last_checked": ""
  },
  {
    "name": "Offspring",
    "url": "https://www.offspring.co.uk",
    "tier": 8,
    "type": "boutique",
    "region": "EU",
    "region_group": "EU",
    "notes": "UK sneaker boutique",
    "verified": true,
    "resale_market": false,
    "has_raffles": true,
    "raffle_url_pattern": "https://www.offspring.co.uk/raffles",
    "api_endpoint": "https://api.offspring.co.uk",
    "contact_email": "customerservice@offspring.co.uk",
    "phone": "",
    "country_code": "GB",
    "address": "London, UK",
    "timezone": "Europe/London",
    "source": "boutique",
    "last_checked": ""
  },
  {
    "name": "Blue Tomato",
    "url": "https://www.blue-tomato.com",
    "tier": 5,
    "type": "skate_online",
    "region": "EU",
    "region_group": "EU",
    "notes": "Action sports retailer with skate",
    "verified": true,
    "resale_market": false,
    "has_raffles": false,
    "raffle_url_pattern": "",
    "api_endpoint": "",
    "contact_email": "info@blue-tomato.com",
    "phone": "",
    "country_code": "AT",
    "address": "Graz, Austria",
    "timezone": "Europe/Vienna",
    "source": "skate",
    "last_checked": ""
  },
  {
    "name": "SkateHut",
    "url": "https://www.skatehut.co.uk",
    "tier": 5,
    "type": "skate_online",
    "region": "EU",
    "region_group": "EU",
    "notes": "UK skate retailer",
    "verified": true,
    "resale_market": false,
    "has_raffles": false,
    "raffle_url_pattern": "",
    "api_endpoint": "",
    "contact_email": "help@skatehut.co.uk",
    "phone": "",
    "country_code": "GB",
    "address": "UK",
    "timezone": "Europe/London",
    "source": "skate",
    "last_checked": ""
  },
  {
    "name": "Sole Retriever (aggregator)",
    "url": "https://www.soleretriever.com",
    "tier": 5,
    "type": "aggregator",
    "region": "EU",
    "region_group": "EU",
    "notes": "Retailer and release calendar aggregator",
    "verified": true,
    "resale_market": false,
    "has_raffles": false,
    "raffle_url_pattern": "",
    "api_endpoint": "",
    "contact_email": "info@soleretriever.com",
    "phone": "",
    "country_code": "US",
    "address": "US (online)",
    "timezone": "America/New_York",
    "source": "aggregator",
    "last_checked": ""
  },
  {
    "name": "Sneakersnstuff (UK)",
    "url": "https://www.sneakersnstuff.com/en",
    "tier": 8,
    "type": "boutique",
    "region": "EU",
    "region_group": "EU",
    "notes": "SNS UK portal",
    "verified": true,
    "resale_market": false,
    "has_raffles": true,
    "raffle_url_pattern": "https://www.sneakersnstuff.com/en/raffle",
    "api_endpoint": "https://api.sneakersnstuff.com",
    "contact_email": "info@sneakersnstuff.com",
    "phone": "",
    "country_code": "GB",
    "address": "London, UK",
    "timezone": "Europe/London",
    "source": "boutique",
    "last_checked": ""
  },
  {
    "name": "Laced (UK resale)",
    "url": "https://www.laced.co.uk",
    "tier": 6,
    "type": "resale",
    "region": "EU",
    "region_group": "EU",
    "notes": "UK resale marketplace",
    "verified": true,
    "resale_market": true,
    "has_raffles": false,
    "raffle_url_pattern": "",
    "api_endpoint": "",
    "contact_email": "hello@laced.co.uk",
    "phone": "",
    "country_code": "GB",
    "address": "London, UK",
    "timezone": "Europe/London",
    "source": "resale",
    "last_checked": ""
  },
  {
    "name": "Footshop (CZ)",
    "url": "https://www.footshop.eu",
    "tier": 6,
    "type": "boutique",
    "region": "EU",
    "region_group": "EU",
    "notes": "Central European boutique",
    "verified": true,
    "resale_market": false,
    "has_raffles": true,
    "raffle_url_pattern": "https://www.footshop.eu/raffle",
    "api_endpoint": "https://api.footshop.eu",
    "contact_email": "info@footshop.eu",
    "phone": "",
    "country_code": "CZ",
    "address": "Prague, Czech Republic",
    "timezone": "Europe/Prague",
    "source": "boutique",
    "last_checked": ""
  },
  {
    "name": "BSTN (DE)",
    "url": "https://www.bstn.com",
    "tier": 7,
    "type": "boutique",
    "region": "EU",
    "region_group": "EU",
    "notes": "German boutique",
    "verified": true,
    "resale_market": false,
    "has_raffles": true,
    "raffle_url_pattern": "",
    "api_endpoint": "",
    "contact_email": "info@bstn.com",
    "phone": "",
    "country_code": "DE",
    "address": "Munich, Germany",
    "timezone": "Europe/Berlin",
    "source": "boutique",
    "last_checked": ""
  },
  {
    "name": "Footpatrol (US portal)",
    "url": "https://www.footpatrol.com/us",
    "tier": 8,
    "type": "boutique",
    "region": "EU",
    "region_group": "EU",
    "notes": "Footpatrol international portal",
    "verified": true,
    "resale_market": false,
    "has_raffles": true,
    "raffle_url_pattern": "https://www.footpatrol.com/raffle",
    "api_endpoint": "https://api.footpatrol.com",
    "contact_email": "info@footpatrol.com",
    "phone": "",
    "country_code": "US",
    "address": "London, UK",
    "timezone": "Europe/London",
    "source": "boutique",
    "last_checked": ""
  }
]