[
  {
    "name": "Nike SNKRS (US)",
    "url": "https://www.nike.com/launch",
    "tier": 9,
    "type": "brand_official",
    "region": "US",
    "region_group": "US",
    "notes": "Nike official SNKRS launches & raffles",
    "verified": true,
    "resale_market": false,
    "has_raffles": true,
    "raffle_url_pattern": "https://www.nike.com/launch/*",
    "api_endpoint": "https://api.nike.com/launch",
    "contact_email": "help@nike.com",
    "phone": "",
    "country_code": "US",
    "address": "One Bowerman Dr, Beaverton, OR",
    "timezone": "America/Los_Angeles",
    "source": "brand_site",
    "last_checked": ""
  },
  {
    "name": "Adidas Confirmed (US)",
    "url": "https://www.adidas.com/us/confirmed",
    "tier": 9,
    "type": "brand_official",
    "region": "US",
    "region_group": "US",
    "notes": "Adidas Confirmed app & website releases",
    "verified": true,
    "resale_market": false,
    "has_raffles": true,
    "raffle_url_pattern": "https://www.adidas.com/us/confirmed/*",
    "api_endpoint": "https://api.adidas.com/confirmed",
    "contact_email": "us-support@adidas.com",
    "phone": "",
    "country_code": "US",
    "address": "5055 N Greeley Ave, Portland, OR",
    "timezone": "America/Los_Angeles",
    "source": "brand_site",
    "last_checked": ""
  },
  {
    "name": "Jordan Brand (US)",
    "url": "https://www.nike.com/jordan",
    "tier": 8,
    "type": "brand_official",
    "region": "US",
    "region_group": "US",
    "notes": "Jordan Brand official releases",
    "verified": true,
    "resale_market": false,
    "has_raffles": true,
    "raffle_url_pattern": "https://www.nike.com/jordan/*",
    "api_endpoint": "https://api.nike.com/jordan",
    "contact_email": "help@nike.com",
    "phone": "",
    "country_code": "US",
    "address": "One Bowerman Dr, Beaverton, OR",
    "timezone": "America/Los_Angeles",
    "source": "brand_site",
    "last_checked": ""
  },
  {
    "name": "New Balance (US)",
    "url": "https://www.newbalance.com",
    "tier": 8,
    "type": "brand_official",
    "region": "US",
    "region_group": "US",
    "notes": "New Balance official releases",
    "verified": true,
    "resale_market": false,
    "has_raffles": true,
    "raffle_url_pattern": "https://www.newbalance.com/*",
    "api_endpoint": "https://api.newbalance.com",
    "contact_email": "help@newbalance.com",
    "phone": "",
    "country_code": "US",
    "address": "20 Guest St, Boston, MA",
    "timezone": "America/New_York",
    "source": "brand_site",
    "last_checked": ""
  },
  {
    "name": "Foot Locker (US)",
    "url": "https://www.footlocker.com",
    "tier": 7,
    "type": "chain",
    "region": "US",
    "region_group": "US",
    "notes": "Major retail chain",
    "verified": true,
    "resale_market": false,
    "has_raffles": true,
    "raffle_url_pattern": "https://www.footlocker.com/raffles",
    "api_endpoint": "https://api.footlocker.com",
    "contact_email": "help@footlocker.com",
    "phone": "+1-800-991-6815",
    "country_code": "US",
    "address": "330 West 34th Street, New York, NY",
    "timezone": "America/New_York",
    "source": "public",
    "last_checked": ""
  },
  {
    "name": "JD Sports (US)",
    "url": "https://www.jdsports.com/us",
    "tier": 7,
    "type": "chain",
    "region": "US",
    "region_group": "US",
    "notes": "JD Sports US site",
    "verified": true,
    "resale_market": false,
    "has_raffles": false,
    "raffle_url_pattern": "",
    "api_endpoint": "",
    "contact_email": "customerservice@jdsports.com",
    "phone": "",
    "country_code": "US",
    "address": "New York, NY (head office US operations)",
    "timezone": "America/New_York",
    "source": "public",
    "last_checked": ""
  },
  {
    "name": "Finish Line",
    "url": "https://www.finishline.com",
    "tier": 6,
    "type": "chain",
    "region": "US",
    "region_group": "US",
    "notes": "Mall-based chain",
    "verified": true,
    "resale_market": false,
    "has_raffles": false,
    "raffle_url_pattern": "https://www.finishline.com/raffles",
    "api_endpoint": "https://api.finishline.com",
    "contact_email": "help@finishline.com",
    "phone": "+1-877-344-7538",
    "country_code": "US",
    "address": "Indianapolis, IN",
    "timezone": "America/Indiana/Indianapolis",
    "source": "public",
    "last_checked": ""
  },
  {
    "name": "Champs Sports",
    "url": "https://www.champssports.com",
    "tier": 6,
    "type": "chain",
    "region": "US",
    "region_group": "US",
    "notes": "Mall retailer - some exclusives",
    "verified": true,
    "resale_market": false,
    "has_raffles": true,
    "raffle_url_pattern": "https://www.champssports.com/raffles",
    "api_endpoint": "https://api.champssports.com",
    "contact_email": "help@champssports.com",
    "phone": "+1-800-645-3227",
    "country_code": "US",
    "address": "Bradenton, FL",
    "timezone": "America/New_York",
    "source": "public",
    "last_checked": ""
  },
  {
    "name": "KITH",
    "url": "https://kith.com",
    "tier": 10,
    "type": "boutique",
    "region": "US",
    "region_group": "US",
    "notes": "Flagship drops & collabs",
    "verified": true,
    "resale_market": false,
    "has_raffles": true,
    "raffle_url_pattern": "https://kith.com/pages/raffle",
    "api_endpoint": "https://kith.com/api",
    "contact_email": "info@kith.com",
    "phone": "+1-212-219-2873",
    "country_code": "US",
    "address": "337 Lafayette St, New York, NY",
    "timezone": "America/New_York",
    "source": "boutique",
    "last_checked": ""
  },
  {
    "name": "Concepts",
    "url": "https://cncpts.com",
    "tier": 9,
    "type": "boutique",
    "region": "US",
    "region_group": "US",
    "notes": "Boston boutique, exclusive collabs",
    "verified": true,
    "resale_market": false,
    "has_raffles": true,
    "raffle_url_pattern": "https://cncpts.com/raffle",
    "api_endpoint": "https://cncpts.com/api",
    "contact_email": "info@cncpts.com",
    "phone": "",
    "country_code": "US",
    "address": "433 Washington St, Boston, MA",
    "timezone": "America/New_York",
    "source": "boutique",
    "last_checked": ""
  },
  {
    "name": "Undefeated",
    "url": "https://undefeated.com",
    "tier": 9,
    "type": "boutique",
    "region": "US",
    "region_group": "US",
    "notes": "Exclusive sneaker drops & collabs",
    "verified": true,
    "resale_market": false,
    "has_raffles": true,
    "raffle_url_pattern": "https://undefeated.com/raffle",
    "api_endpoint": "https://undefeated.com/api",
    "contact_email": "info@undefeated.com",
    "phone": "",
    "country_code": "US",
    "address": "1331 W Sunset Blvd, Los Angeles, CA",
    "timezone": "America/Los_Angeles",
    "source": "boutique",
    "last_checked": ""
  },
  {
    "name": "Extra Butter",
    "url": "https://extrabutterny.com",
    "tier": 8,
    "type": "boutique",
    "region": "US",
    "region_group": "US",
    "notes": "NYC boutique, collabs & limited releases",
    "verified": true,
    "resale_market": false,
    "has_raffles": true,
    "raffle_url_pattern": "https://extrabutterny.com/raffle",
    "api_endpoint": "https://extrabutterny.com/api",
    "contact_email": "info@extrabutterny.com",
    "phone": "",
    "country_code": "US",
    "address": "125 Orchard St, New York, NY",
    "timezone": "America/New_York",
    "source": "boutique",
    "last_checked": ""
  },
  {
    "name": "A Ma Maniere",
    "url": "https://www.amanmaniere.com",
    "tier": 9,
    "type": "boutique",
    "region": "US",
    "region_group": "US",
    "notes": "Luxury sneaker boutique, collabs",
    "verified": true,
    "resale_market": false,
    "has_raffles": true,
    "raffle_url_pattern": "https://www.amanmaniere.com/raffle",
    "api_endpoint": "https://www.amanmaniere.com/api",
    "contact_email": "info@amanmaniere.com",
    "phone": "",
    "country_code": "US",
    "address": "Atlanta, GA",
    "timezone": "America/New_York",
    "source": "boutique",
    "last_checked": ""
  },
  {
    "name": "Flight Club",
    "url": "https://www.flightclub.com",
    "tier": 7,
    "type": "resale",
    "region": "US",
    "region_group": "US",
    "notes": "Consignment & resale marketplace",
    "verified": true,
    "resale_market": true,
    "has_raffles": false,
    "raffle_url_pattern": "https://www.flightclub.com/raffles",
    "api_endpoint": "https://api.flightclub.com",
    "contact_email": "help@flightclub.com",
    "phone": "",
    "country_code": "US",
    "address": "New York, NY",
    "timezone": "America/New_York",
    "source": "resale",
    "last_checked": ""
  },
  {
    "name": "StockX",
    "url": "https://stockx.com",
    "tier": 6,
    "type": "resale",
    "region": "Global",
    "region_group": "US",
    "notes": "Resale marketplace",
    "verified": true,
    "resale_market": true,
    "has_raffles": false,
    "raffle_url_pattern": "https://stockx.com/*",
    "api_endpoint": "https://stockx.com/api",
    "contact_email": "help@stockx.com",
    "phone": "",
    "country_code": "US",
    "address": "Detroit, MI (HQ)",
    "timezone": "America/Detroit",
    "source": "resale",
    "last_checked": ""
  },
  {
    "name": "GOAT",
    "url": "https://www.goat.com",
    "tier": 6,
    "type": "resale",
    "region": "Global",
    "region_group": "US",
    "notes": "Resale marketplace",
    "verified": true,
    "resale_market": true,
    "has_raffles": false,
    "raffle_url_pattern": "https://www.goat.com/raffles",
    "api_endpoint": "https://api.goat.com",
    "contact_email": "help@goat.com",
    "phone": "",
    "country_code": "US",
    "address": "Los Angeles, CA",
    "timezone": "America/Los_Angeles",
    "source": "resale",
    "last_checked": ""
  },
  {
    "name": "Stadium Goods",
    "url": "https://www.stadiumgoods.com",
    "tier": 7,
    "type": "resale",
    "region": "US",
    "region_group": "US",
    "notes": "Consignment sneaker marketplace",
    "verified": true,
    "resale_market": true,
    "has_raffles": false,
    "raffle_url_pattern": "https://www.stadiumgoods.com/raffle",
    "api_endpoint": "https://www.stadiumgoods.com/api",
    "contact_email": "hello@stadiumgoods.com",
    "phone": "",
    "country_code": "US",
    "address": "New York, NY",
    "timezone": "America/New_York",
    "source": "resale",
    "last_checked": ""
  },
  {
    "name": "Sneaker Politics",
    "url": "https://sneakerpolitics.com",
    "tier": 8,
    "type": "boutique",
    "region": "US",
    "region_group": "US",
    "notes": "Southern US boutique",
    "verified": true,
    "resale_market": false,
    "has_raffles": true,
    "raffle_url_pattern": "https://sneakerpolitics.com/raffle",
    "api_endpoint": "https://sneakerpolitics.com/api",
    "contact_email": "info@sneakerpolitics.com",
    "phone": "",
    "country_code": "US",
    "address": "New Orleans, LA",
    "timezone": "America/Chicago",
    "source": "boutique",
    "last_checked": ""
  },
  {
    "name": "BAIT",
    "url": "https://www.baitme.com",
    "tier": 8,
    "type": "boutique",
    "region": "US",
    "region_group": "US",
    "notes": "Boutique sneaker & streetwear store",
    "verified": true,
    "resale_market": false,
    "has_raffles": true,
    "raffle_url_pattern": "https://www.baitme.com/raffle",
    "api_endpoint": "https://www.baitme.com/api",
    "contact_email": "info@baitme.com",
    "phone": "",
    "country_code": "US",
    "address": "Los Angeles, CA",
    "timezone": "America/Los_Angeles",
    "source": "boutique",
    "last_checked": ""
  },
  {
    "name": "Packer Shoes",
    "url": "https://packershoes.com",
    "tier": 7,
    "type": "boutique",
    "region": "US",
    "region_group": "US",
    "notes": "Limited sneaker releases",
    "verified": true,
    "resale_market": false,
    "has_raffles": true,
    "raffle_url_pattern": "https://packershoes.com/raffle",
    "api_endpoint": "https://packershoes.com/api",
    "contact_email": "info@packershoes.com",
    "phone": "",
    "country_code": "US",
    "address": "Teaneck, NJ",
    "timezone": "America/New_York",
    "source": "boutique",
    "last_checked": ""
  },
  {
    "name": "Allike",
    "url": "https://allike.store",
    "tier": 6,
    "type": "boutique",
    "region": "US",
    "region_group": "US",
    "notes": "West Coast sneaker boutique",
    "verified": true,
    "resale_market": false,
    "has_raffles": true,
    "raffle_url_pattern": "https://allike.store/raffle",
    "api_endpoint": "https://allike.store/api",
    "contact_email": "info@allike.store",
    "phone": "",
    "country_code": "US",
    "address": "Los Angeles, CA",
    "timezone": "America/Los_Angeles",
    "source": "boutique",
    "last_checked": ""
  },
  {
    "name": "Zumiez",
    "url": "https://www.zumiez.com",
    "tier": 5,
    "type": "skate_chain",
    "region": "US",
    "region_group": "US",
    "notes": "National skate retailer",
    "verified": true,
    "resale_market": false,
    "has_raffles": false,
    "raffle_url_pattern": "https://www.zumiez.com/raffles",
    "api_endpoint": "https://www.zumiez.com/api",
    "contact_email": "help@zumiez.com",
    "phone": "",
    "country_code": "US",
    "address": "Rancho Santa Margarita, CA",
    "timezone": "America/Los_Angeles",
    "source": "skate",
    "last_checked": ""
  },
  {
    "name": "CCS",
    "url": "https://shop.ccs.com",
    "tier": 6,
    "type": "skate",
    "region": "US",
    "region_group": "US",
    "notes": "Skateboarding store and apparel",
    "verified": true,
    "resale_market": false,
    "has_raffles": true,
    "raffle_url_pattern": "https://shop.ccs.com/raffles",
    "api_endpoint": "https://api.ccs.com",
    "contact_email": "help@ccs.com",
    "phone": "",
    "country_code": "US",
    "address": "Chatsworth, CA",
    "timezone": "America/Los_Angeles",
    "source": "skate",
    "last_checked": ""
  },
  {
    "name": "Skate Warehouse",
    "url": "https://www.skatewarehouse.com",
    "tier": 5,
    "type": "skate_online",
    "region": "US",
    "region_group": "US",
    "notes": "Large skate online retailer",
    "verified": true,
    "resale_market": false,
    "has_raffles": false,
    "raffle_url_pattern": "",
    "api_endpoint": "",
    "contact_email": "help@skatewarehouse.com",
    "phone": "",
    "country_code": "US",
    "address": "Riverside, CA",
    "timezone": "America/Los_Angeles",
    "source": "skate",
    "last_checked": ""
  },
  {
    "name": "Tactics",
    "url": "https://www.tactics.com",
    "tier": 5,
    "type": "skate_online",
    "region": "US",
    "region_group": "US",
    "notes": "Skate retailer",
    "verified": true,
    "resale_market": false,
    "has_raffles": false,
    "raffle_url_pattern": "",
    "api_endpoint": "",
    "contact_email": "help@tactics.com",
    "phone": "",
    "country_code": "US",
    "address": "Carlsbad, CA",
    "timezone": "America/Los_Angeles",
    "source": "skate",
    "last_checked": ""
  }
]